                  epoch,         train/box_loss,         train/cls_loss,         train/dfl_loss,   metrics/precision(B),      metrics/recall(B),       metrics/mAP50(B),    metrics/mAP50-95(B),           val/box_loss,           val/cls_loss,           val/dfl_loss,                 lr/pg0,                 lr/pg1,                 lr/pg2
                      1,                0.90206,                  2.414,                0.91069,                0.75241,                0.76962,                0.84196,                0.71134,                0.61953,                 1.4373,                0.83174,             0.00041445,             0.00041445,             0.00041445
                      2,                0.69213,                 1.2976,                0.86172,                0.80745,                0.84005,                0.90411,                0.77509,                 0.5774,                 1.0042,                0.82172,             0.00066656,             0.00066656,             0.00066656
                      3,                0.64691,                0.99181,                0.85561,                 0.8808,                0.87329,                0.93786,                0.81842,                0.54641,                0.77226,                0.81992,             0.00075366,             0.00075366,             0.00075366
                      4,                0.56627,                0.77363,                0.83671,                0.94676,                0.88177,                0.95619,                0.86173,                0.46058,                0.58728,                0.80589,              0.0005075,              0.0005075,              0.0005075
                      5,                0.54512,                0.66974,                0.83447,                0.94299,                0.90571,                0.96384,                0.86829,                0.44305,                0.51506,                0.80506,              0.0005075,              0.0005075,              0.0005075
