                  epoch,         train/box_loss,         train/cls_loss,         train/dfl_loss,   metrics/precision(B),      metrics/recall(B),       metrics/mAP50(B),    metrics/mAP50-95(B),           val/box_loss,           val/cls_loss,           val/dfl_loss,                 lr/pg0,                 lr/pg1,                 lr/pg2
                      1,                 0.7517,                 2.7309,                0.88254,                0.20339,                0.31692,                 0.3751,                0.25412,                 1.3431,                 3.2853,                 1.0759,             0.00041111,             0.00041111,             0.00041111
                      2,                0.55359,                   1.57,                0.85264,                0.14929,                0.38178,                0.22288,                 0.1268,                 1.4459,                 3.3487,                 1.2193,             0.00066388,             0.00066388,             0.00066388
                      3,                0.49475,                 1.2567,                0.83916,                0.29062,                0.52095,                0.23323,                0.14098,                 1.4502,                 3.2175,                 1.2197,             0.00075164,             0.00075164,             0.00075164
                      4,                0.43278,                0.96532,                0.82985,                0.43102,                0.26716,                0.14828,                0.08736,                 1.4278,                 3.9685,                 1.1842,              0.0005075,              0.0005075,              0.0005075
                      5,                0.39259,                 0.8694,                0.82181,                0.14976,                0.35302,                0.15063,                 0.0885,                 1.4622,                 3.8691,                 1.2083,              0.0005075,              0.0005075,              0.0005075
